contractSymbol,lastTradeDate,strike,lastPrice,bid,ask,change,percentChange,volume,openInterest,impliedVolatility,inTheMoney,contractSize,currency
SPX260918C00200000,2026-05-15 15:55:19+00:00,200.0,7188.75,7164.7,7188.7,-72.1499,-0.99367714,98.0,33,1.0000000000000003e-05,True,REGULAR,USD
SPX260918C00400000,2026-05-04 18:17:58+00:00,400.0,6783.81,6967.5,6991.5,0.0,0.0,2.0,2,1.0000000000000003e-05,True,REGULAR,USD
SPX260918C00600000,2025-09-29 15:11:20+00:00,600.0,6046.13,6093.2,6132.2,0.0,0.0,2.0,0,1.0000000000000003e-05,True,REGULAR,USD
SPX260918C00800000,2026-03-24 16:32:59+00:00,800.0,5768.96,6538.4,6562.4,0.0,0.0,100.0,0,1.0000000000000003e-05,True,REGULAR,USD
SPX260918C01000000,2026-04-24 15:42:41+00:00,1000.0,6131.09,6376.2,6400.2,0.0,0.0,1.0,251,1.0000000000000003e-05,True,REGULAR,USD
SPX260918C01200000,2025-09-03 13:36:31+00:00,1200.0,5241.91,0.0,0.0,0.0,0.0,1.0,0,1.0000000000000003e-05,True,REGULAR,USD
SPX260918C02000000,2026-03-20 16:20:31+00:00,2000.0,4574.65,5069.3,5093.2,0.0,0.0,400.0,457,1.0000000000000003e-05,True,REGULAR,USD
SPX260918C02200000,2026-05-15 15:17:46+00:00,2200.0,5236.33,5194.5,5218.5,-21.719727,-0.41307572,95.0,7,0.9313513945007323,True,REGULAR,USD
SPX260918C02300000,2025-09-17 13:48:01+00:00,2300.0,4356.4,0.0,0.0,0.0,0.0,,18,1.0000000000000003e-05,True,REGULAR,USD
SPX260918C02600000,2026-04-07 15:15:57+00:00,2600.0,3984.7,0.0,0.0,0.0,0.0,,1,1.0000000000000003e-05,True,REGULAR,USD
SPX260918C03000000,2026-05-13 13:48:58+00:00,3000.0,4396.99,4408.0,4432.0,0.0,0.0,1.0,157,0.7196835893249511,True,REGULAR,USD
SPX260918C03200000,2026-05-15 15:55:19+00:00,3200.0,4235.6,4211.5,4235.5,24.359863,0.57844865,3.0,9,0.6994811546325683,True,REGULAR,USD
SPX260918C03400000,2026-05-14 19:42:19+00:00,3400.0,4133.62,4018.7,4031.9,0.0,0.0,302.0,300,0.6649508602905275,True,REGULAR,USD
SPX260918C03500000,2026-02-02 11:38:26+00:00,3500.0,3465.44,3167.9,3191.9,0.0,0.0,1.0,1,1.0000000000000003e-05,True,REGULAR,USD
SPX260918C03800000,2026-02-17 15:33:33+00:00,3800.0,3045.36,2835.2,2848.4,0.0,0.0,,0,1.0000000000000003e-05,True,REGULAR,USD
SPX260918C03900000,2026-02-02 11:38:26+00:00,3900.0,3080.64,2783.6,2807.6,0.0,0.0,,0,1.0000000000000003e-05,True,REGULAR,USD
SPXW260918C04000000,2026-05-08 16:58:37+00:00,4000.0,3432.39,3430.9,3442.9,0.0,0.0,2.0,1,0.590473455657959,True,REGULAR,USD
SPX260918C04150000,2026-03-20 14:59:02+00:00,4150.0,2481.33,2973.3,2983.8,0.0,0.0,1.0,2,1.0000000000000003e-05,True,REGULAR,USD
SPX260918C04200000,2026-02-17 15:33:33+00:00,4200.0,2662.46,2449.9,2462.5,0.0,0.0,1.0,0,1.0000000000000003e-05,True,REGULAR,USD
SPX260918C04250000,2025-09-16 18:39:49+00:00,4250.0,2523.38,2549.5,2589.5,0.0,0.0,,0,1.0000000000000003e-05,True,REGULAR,USD
SPX260918C04275000,2026-03-24 14:57:57+00:00,4275.0,2391.93,3126.6,3150.6,0.0,0.0,,0,0.48828636718750007,True,REGULAR,USD
SPX260918C04300000,2026-03-23 19:22:07+00:00,4300.0,2391.87,3102.2,3126.2,0.0,0.0,22.0,0,0.4865468826293946,True,REGULAR,USD
SPX260918C04400000,2026-04-09 18:11:49+00:00,4400.0,2489.36,3036.1,3045.9,0.0,0.0,27.0,400,0.5236711451721192,True,REGULAR,USD
SPX260918C04450000,2026-04-06 14:27:01+00:00,4450.0,2238.79,2955.8,2979.8,0.0,0.0,1.0,0,0.4746604048156738,True,REGULAR,USD
SPX260918C04500000,2026-04-10 19:28:51+00:00,4500.0,2392.57,2939.3,2947.7,0.0,0.0,1.0,38,0.5117846673583983,True,REGULAR,USD
SPX260918C04550000,2025-06-03 16:51:34+00:00,4550.0,1703.05,1913.4,1952.8,0.0,0.0,,0,1.0000000000000003e-05,True,REGULAR,USD
SPX260918C04600000,2026-05-14 19:45:56+00:00,4600.0,2957.03,2845.1,2856.0,0.0,0.0,14.0,16,0.5117312621307373,True,REGULAR,USD
SPX260918C04700000,2025-08-22 14:15:39+00:00,4700.0,1978.68,2121.9,2162.7,0.0,0.0,2.0,1,1.0000000000000003e-05,True,REGULAR,USD
SPX260918C04800000,2026-04-20 17:36:42+00:00,4800.0,2376.58,2650.5,2661.0,0.0,0.0,500.0,575,0.4972279281616212,True,REGULAR,USD
SPX260918C04825000,2025-10-06 18:52:58+00:00,4825.0,2121.44,2097.2,2108.5,0.0,0.0,,1,1.0000000000000003e-05,True,REGULAR,USD
SPX260918C04850000,2026-04-20 17:36:42+00:00,4850.0,2328.38,2601.2,2611.8,0.0,0.0,,500,0.48914848014831547,True,REGULAR,USD
SPX260918C04900000,2026-05-07 19:44:54+00:00,4900.0,2497.0,2552.5,2563.0,0.0,0.0,1.0,9,0.48191970111846927,True,REGULAR,USD
SPX260918C04925000,2026-03-17 16:38:04+00:00,4925.0,1911.4,2225.1,2234.6,0.0,0.0,,3,1.0000000000000003e-05,True,REGULAR,USD
SPX260918C04950000,2026-04-16 15:43:54+00:00,4950.0,2171.0,2504.7,2515.2,0.0,0.0,3.0,3,0.4766898034667969,True,REGULAR,USD
SPX260918C04975000,2025-11-17 20:48:18+00:00,4975.0,1893.83,2103.0,2108.0,0.0,0.0,,1,1.0000000000000003e-05,True,REGULAR,USD
SPX260918C05000000,2026-05-15 17:30:26+00:00,5000.0,2506.85,2455.4,2465.8,-33.369873,-1.3136607,175.0,39757,0.4681945576095581,True,REGULAR,USD
SPX260918C05025000,2025-09-05 15:05:08+00:00,5025.0,1671.13,1814.7,1831.5,0.0,0.0,1.0,0,1.0000000000000003e-05,True,REGULAR,USD
SPX260918C05050000,2026-03-10 14:53:28+00:00,5050.0,1892.97,2105.4,2114.8,0.0,0.0,2.0,6,1.0000000000000003e-05,True,REGULAR,USD
SPX260918C05100000,2026-04-09 18:11:49+00:00,5100.0,1820.46,2355.7,2363.8,0.0,0.0,27.0,16,0.4451959777832031,True,REGULAR,USD
SPX260918C05150000,2025-12-19 14:52:35+00:00,5150.0,1837.64,1981.4,1988.4,0.0,0.0,1.0,0,1.0000000000000003e-05,True,REGULAR,USD
SPX260918C05175000,2025-11-18 21:00:10+00:00,5175.0,1675.83,1917.5,1922.5,0.0,0.0,1.0,3,1.0000000000000003e-05,True,REGULAR,USD
SPX260918C05200000,2026-04-09 19:16:11+00:00,5200.0,1731.66,2259.0,2266.8,0.0,0.0,168.0,104,0.43202014518737797,True,REGULAR,USD
SPX260918C05250000,2025-11-25 19:58:06+00:00,5250.0,1717.36,1849.2,1852.9,0.0,0.0,2.0,4,1.0000000000000003e-05,True,REGULAR,USD
SPX260918C05300000,2025-06-26 14:22:10+00:00,5300.0,1189.57,1588.6,1627.8,0.0,0.0,2.0,1,1.0000000000000003e-05,True,REGULAR,USD
SPX260918C05350000,2026-05-14 14:11:37+00:00,5350.0,2195.32,2117.5,2127.3,0.0,0.0,,5,0.4217873221015931,True,REGULAR,USD
SPX260918C05400000,2026-03-20 14:15:16+00:00,5400.0,1328.5,1773.4,1782.3,0.0,0.0,2.0,508,1.0000000000000003e-05,True,REGULAR,USD
SPX260918C05425000,2025-08-29 13:49:54+00:00,5425.0,1353.98,1469.9,1484.8,0.0,0.0,2.0,1,1.0000000000000003e-05,True,REGULAR,USD
SPX260918C05450000,2025-06-23 16:03:29+00:00,5450.0,972.96,1459.5,1499.6,0.0,0.0,,3,1.0000000000000003e-05,True,REGULAR,USD
SPX260918C05500000,2026-05-08 13:32:00+00:00,5500.0,1954.51,1974.3,1983.7,0.0,0.0,1.0,53,0.40331483531951906,True,REGULAR,USD
SPX260918C05525000,2025-09-26 16:23:56+00:00,5525.0,1399.55,1481.2,1490.5,0.0,0.0,1.0,5,1.0000000000000003e-05,True,REGULAR,USD
SPX260918C05550000,2025-12-30 20:27:22+00:00,5550.0,1542.75,1565.8,1569.6,0.0,0.0,30.0,1,1.0000000000000003e-05,True,REGULAR,USD
SPX260918C05600000,2026-04-07 19:55:57+00:00,5600.0,1183.1,1875.7,1882.3,0.0,0.0,3.0,109,0.38250205516815183,True,REGULAR,USD
SPX260918C05625000,2026-04-10 16:30:08+00:00,5625.0,1333.5,0.0,0.0,0.0,0.0,1.0,1,1.0000000000000003e-05,True,REGULAR,USD
SPX260918C05650000,2026-04-10 16:05:49+00:00,5650.0,1310.76,1827.1,1834.6,0.0,0.0,25.0,97,0.3764710791015625,True,REGULAR,USD
SPX260918C05675000,2025-09-11 19:52:09+00:00,5675.0,1241.23,1263.2,1277.4,0.0,0.0,10.0,70,1.0000000000000003e-05,True,REGULAR,USD
SPX260918C05700000,2026-04-13 13:52:13+00:00,5700.0,1254.2,1779.5,1786.5,0.0,0.0,10.0,66,0.3697935183143616,True,REGULAR,USD
SPX260918C05725000,2025-08-07 16:03:14+00:00,5725.0,1006.5,1231.0,1269.1,0.0,0.0,1.0,3,1.0000000000000003e-05,True,REGULAR,USD
SPX260918C05750000,2025-10-15 13:52:06+00:00,5750.0,1267.46,1136.4,1144.6,0.0,0.0,1.0,6,1.0000000000000003e-05,True,REGULAR,USD
SPX260918C05775000,2026-02-06 18:56:35+00:00,5775.0,1333.7,1079.1,1084.4,0.0,0.0,1.0,4,1.0000000000000003e-05,True,REGULAR,USD
SPX260918C05800000,2026-04-17 17:33:30+00:00,5800.0,1450.0,1688.4,1697.4,0.0,0.0,1.0,132,0.3652979425430298,True,REGULAR,USD
SPX260918C05825000,2025-08-21 18:30:01+00:00,5825.0,957.0,1150.0,1186.3,0.0,0.0,2.0,6,1.0000000000000003e-05,True,REGULAR,USD
SPX260918C05850000,2025-11-06 14:38:51+00:00,5850.0,1259.96,1313.3,1316.5,0.0,0.0,36.0,43,1.0000000000000003e-05,True,REGULAR,USD
SPX260918C05875000,2025-12-01 14:33:06+00:00,5875.0,1222.04,1291.9,1295.5,0.0,0.0,1.0,7,1.0000000000000003e-05,True,REGULAR,USD
SPX260918C05900000,2026-04-10 15:59:25+00:00,5900.0,1087.99,1590.4,1597.6,0.0,0.0,22.0,130,0.3467091086578369,True,REGULAR,USD
SPX260918C05925000,2025-12-01 14:33:06+00:00,5925.0,1181.05,1248.5,1252.2,0.0,0.0,1.0,5,1.0000000000000003e-05,True,REGULAR,USD
SPX260918C05940000,2026-03-27 13:44:34+00:00,5940.0,793.3,1531.1,1540.7,0.0,0.0,52.0,0,0.31819834640502925,True,REGULAR,USD
SPX260918C05950000,2025-12-29 21:02:47+00:00,5950.0,1198.43,1213.8,1217.1,0.0,0.0,2.0,54,1.0000000000000003e-05,True,REGULAR,USD
SPX260918C05975000,2025-10-16 19:35:43+00:00,5975.0,1029.93,971.1,978.0,0.0,0.0,2.0,2,1.0000000000000003e-05,True,REGULAR,USD
SPXW260918C06000000,2026-05-14 17:25:26+00:00,6000.0,1590.0,1500.8,1509.3,0.0,0.0,1.0,96,0.3413914738464356,True,REGULAR,USD
SPX260918C06025000,2025-11-12 17:42:02+00:00,6025.0,1165.67,1163.2,1166.7,0.0,0.0,10.0,55,1.0000000000000003e-05,True,REGULAR,USD
SPX260918C06050000,2026-03-24 13:42:10+00:00,6050.0,777.35,1429.9,1437.4,0.0,0.0,1.0,0,0.3067314810943603,True,REGULAR,USD
SPX260918C06060000,2026-04-20 18:31:51+00:00,6060.0,1200.3,1444.4,1452.9,0.0,0.0,,1,0.33387468805313114,True,REGULAR,USD
SPX260918C06075000,2026-05-04 19:55:37+00:00,6075.0,1254.74,1430.4,1438.9,0.0,0.0,6.0,10,0.3320760762786865,True,REGULAR,USD
SPXW260918C06100000,2026-05-11 15:26:15+00:00,6100.0,1434.36,1407.6,1416.1,0.0,0.0,1.0,1,0.3296156211471557,True,REGULAR,USD
SPX260918C06125000,2026-05-15 18:16:50+00:00,6125.0,1434.91,1386.6,1389.7,791.33,122.95751,1.0,55,0.32334241422653187,True,REGULAR,USD
SPX260918C06150000,2026-04-17 15:14:50+00:00,6150.0,1134.22,1363.4,1366.6,0.0,0.0,2.0,412,0.3205291031265259,True,REGULAR,USD
SPX260918C06160000,2026-04-01 16:05:59+00:00,6160.0,724.42,1327.5,1336.7,0.0,0.0,,0,0.2973703076171874,True,REGULAR,USD
SPX260918C06175000,2026-03-16 15:01:56+00:00,6175.0,811.61,1069.4,1073.0,0.0,0.0,1.0,187,1.0000000000000003e-05,True,REGULAR,USD
SPX260918C06200000,2026-04-29 17:36:47+00:00,6200.0,1078.51,1317.3,1320.4,0.0,0.0,2.0,3608,0.31477850450515743,True,REGULAR,USD
SPX260918C06225000,2026-05-01 11:34:56+00:00,6225.0,1141.99,1294.3,1297.3,0.0,0.0,3.0,150,0.31184312431335437,True,REGULAR,USD
SPX260918C06240000,2026-03-27 19:48:12+00:00,6240.0,530.46,1256.7,1260.8,0.0,0.0,50.0,0,0.28702876674652095,True,REGULAR,USD
SPX260918C06250000,2026-04-17 19:08:46+00:00,6250.0,1043.49,1271.3,1274.4,0.0,0.0,2.0,230,0.30906414514541625,True,REGULAR,USD
SPX260918C06270000,2026-03-31 19:25:30+00:00,6270.0,592.16,1229.4,1233.5,0.0,0.0,,0,0.2842803048515319,True,REGULAR,USD
SPX260918C06275000,2026-04-01 19:44:07+00:00,6275.0,629.2,1224.7,1228.7,0.0,0.0,2.0,0,0.28355551961898795,True,REGULAR,USD
SPX260918C06300000,2026-05-06 13:51:23+00:00,6300.0,1153.13,1225.5,1228.6,0.0,0.0,111.0,2636,0.30336695175170897,True,REGULAR,USD
SPX260918C06325000,2026-05-12 16:22:48+00:00,6325.0,1164.16,1202.7,1205.8,0.0,0.0,2.0,621,0.3005460113334656,True,REGULAR,USD
SPX260918C06350000,2026-04-17 14:54:03+00:00,6350.0,967.9,1180.0,1183.0,0.0,0.0,25.0,1777,0.2976792950057982,True,REGULAR,USD
SPX260918C06370000,2026-05-06 18:16:18+00:00,6370.0,1126.6,1161.9,1164.8,0.0,0.0,5.0,22,0.29538859220504754,True,REGULAR,USD
SPX260918C06375000,2026-04-01 19:44:07+00:00,6375.0,557.3,1134.6,1138.5,0.0,0.0,2.0,0,0.27451477750778197,True,REGULAR,USD
SPX260918C06400000,2026-05-15 17:06:51+00:00,6400.0,1171.1,1134.7,1137.7,74.28992,6.773271,1.0,3324,0.2920736534309386,True,REGULAR,USD
SPX260918C06420000,2026-05-08 13:50:54+00:00,6420.0,1106.18,1116.7,1119.6,0.0,0.0,1.0,2,0.28979248727798457,True,REGULAR,USD
SPX260918C06425000,2026-04-13 14:00:41+00:00,6425.0,652.42,1108.4,1111.8,0.0,0.0,2.0,134,0.2863192401504517,True,REGULAR,USD
SPX260918C06430000,2026-03-27 19:45:45+00:00,6430.0,412.32,1085.5,1089.4,0.0,0.0,17.0,0,0.2695824232673645,True,REGULAR,USD
SPX260918C06440000,2026-04-06 18:52:35+00:00,6440.0,510.88,1076.6,1080.5,0.0,0.0,26.0,0,0.26867453439712524,True,REGULAR,USD
SPX260918C06450000,2026-04-28 14:38:53+00:00,6450.0,864.1,1089.8,1092.7,0.0,0.0,22.0,3279,0.2865309537315368,True,REGULAR,USD
SPX260918C06460000,2026-04-06 13:48:52+00:00,6460.0,493.71,1058.8,1062.7,0.0,0.0,4.0,0,0.26682633205413825,True,REGULAR,USD
SPX260918C06470000,2026-04-06 19:19:45+00:00,6470.0,489.99,1050.0,1053.8,0.0,0.0,10.0,0,0.2658860185813904,True,REGULAR,USD
SPX260918C06475000,2026-04-17 15:50:51+00:00,6475.0,860.05,1067.3,1070.2,0.0,0.0,1.0,1611,0.28367949604034415,True,REGULAR,USD
SPX260918C06480000,2026-04-07 19:08:12+00:00,6480.0,467.9,1058.6,1062.0,0.0,0.0,1.0,21,0.27992968612670893,True,REGULAR,USD
SPX260918C06490000,2026-04-06 19:17:45+00:00,6490.0,476.32,1032.2,1036.0,0.0,0.0,8.0,0,0.26397392069816594,True,REGULAR,USD
SPXW260918C06500000,2026-04-16 16:25:18+00:00,6500.0,772.4,1043.1,1050.9,0.0,0.0,,1,0.28347350444793695,True,REGULAR,USD
SPX260918C06510000,2026-04-06 14:49:07+00:00,6510.0,455.14,1014.6,1018.4,0.0,0.0,2.0,0,0.2621934285545349,True,REGULAR,USD
SPX260918C06520000,2026-04-08 19:02:27+00:00,6520.0,547.66,1023.0,1026.3,0.0,0.0,2.0,4,0.27556762342453,True,REGULAR,USD
SPX260918C06525000,2026-03-31 18:58:05+00:00,6525.0,415.78,1001.2,1005.0,0.0,0.0,501.0,0,0.26065421360015867,True,REGULAR,USD
SPX260918C06530000,2026-04-07 16:11:15+00:00,6530.0,435.68,1013.9,1017.2,0.0,0.0,4.0,8,0.2743068785858154,True,REGULAR,USD
SPX260918C06540000,2026-04-13 18:54:00+00:00,6540.0,585.72,1005.2,1008.5,0.0,0.0,36.0,16,0.27337228710174555,True,REGULAR,USD
SPX260918C06550000,2026-05-08 14:06:03+00:00,6550.0,997.82,1000.5,1003.4,0.0,0.0,11.0,3330,0.27539024177551263,True,REGULAR,USD
SPX260918C06560000,2026-04-07 14:01:24+00:00,6560.0,409.36,987.3,990.6,0.0,0.0,22.0,28,0.2710567890167237,True,REGULAR,USD
SPX260918C06570000,2026-05-07 14:55:08+00:00,6570.0,972.71,982.8,985.6,0.0,0.0,3.0,17,0.2731033536338806,True,REGULAR,USD
SPX260918C06575000,2026-04-10 18:39:29+00:00,6575.0,537.6,974.4,977.7,0.0,0.0,36.0,1965,0.269725472984314,True,REGULAR,USD
SPX260918C06580000,2026-05-13 19:37:33+00:00,6580.0,1028.63,973.9,976.8,0.0,0.0,1.0,65,0.2720276197624206,True,REGULAR,USD
SPX260918C06590000,2026-04-20 18:45:15+00:00,6590.0,744.5,965.1,967.9,0.0,0.0,2.0,16,0.27086128773689266,True,REGULAR,USD
SPX260918C06600000,2026-05-13 19:52:21+00:00,6600.0,1005.3,956.3,959.2,0.0,0.0,24.0,10077,0.26984563474655143,True,REGULAR,USD
SPX260918C06610000,2026-04-10 14:02:16+00:00,6610.0,515.61,943.8,947.1,0.0,0.0,9.0,7,0.26611299079895023,True,REGULAR,USD
SPX260918C06620000,2026-04-23 14:23:11+00:00,6620.0,736.81,938.7,941.6,0.0,0.0,2.0,6,0.26762359580993644,True,REGULAR,USD
SPX260918C06625000,2026-05-05 19:43:22+00:00,6625.0,832.44,934.4,937.2,0.0,0.0,1.0,1122,0.2670609335899353,True,REGULAR,USD
SPX260918C06630000,2026-04-17 15:50:51+00:00,6630.0,730.45,930.0,932.9,0.0,0.0,1.0,129,0.26657456455230716,True,REGULAR,USD
SPX260918C06640000,2026-04-10 13:47:09+00:00,6640.0,495.99,918.2,921.5,0.0,0.0,8.0,14,0.263404582824707,True,REGULAR,USD
SPXW260918C06650000,2026-04-27 13:47:12+00:00,6650.0,728.49,910.8,918.4,0.0,0.0,,1,0.2666947263145447,True,REGULAR,USD
SPX260918C06660000,2026-05-14 17:04:11+00:00,6660.0,1000.87,903.8,906.6,0.0,0.0,20.0,34,0.2632128962039948,True,REGULAR,USD
SPX260918C06670000,2026-05-14 17:04:11+00:00,6670.0,991.97,895.1,897.9,0.0,0.0,20.0,158,0.26212285736083984,True,REGULAR,USD
SPX260918C06675000,2026-04-09 18:00:15+00:00,6675.0,473.3,886.7,889.9,0.0,0.0,7.0,656,0.2587716793251038,True,REGULAR,USD
SPX260918C06680000,2026-05-04 15:07:49+00:00,6680.0,751.6,886.4,889.2,0.0,0.0,1.0,68,0.2610223282051086,True,REGULAR,USD
SPX260918C06690000,2026-05-07 19:36:34+00:00,6690.0,827.09,877.8,880.6,0.0,0.0,2.0,28,0.25998664825439455,True,REGULAR,USD
SPX260918C06700000,2026-05-14 16:41:18+00:00,6700.0,966.41,869.1,871.8,0.0,0.0,61.0,7563,0.25878884529113777,True,REGULAR,USD
SPX260918C06710000,2026-04-21 19:00:50+00:00,6710.0,634.89,860.4,863.2,0.0,0.0,9.0,75,0.25773027738571164,True,REGULAR,USD
SPX260918C06720000,2026-04-09 13:52:02+00:00,6720.0,411.26,847.8,851.0,0.0,0.0,9.0,25,0.2539642551708222,True,REGULAR,USD
SPX260918C06725000,2026-04-21 18:47:12+00:00,6725.0,616.63,847.5,850.3,0.0,0.0,9.0,906,0.25612239856719976,True,REGULAR,USD
SPX260918C06730000,2026-04-13 18:46:24+00:00,6730.0,443.27,839.0,842.2,0.0,0.0,1.0,164,0.25274833257675167,True,REGULAR,USD
SPX260918C06740000,2026-05-13 15:41:05+00:00,6740.0,857.55,834.6,837.4,0.0,0.0,1.0,148,0.25448781713485724,True,REGULAR,USD
SPXW260918C06750000,2026-05-12 18:23:44+00:00,6750.0,812.76,824.4,831.8,0.0,0.0,6.0,8,0.2555883462905884,True,REGULAR,USD
SPX260918C06760000,2026-05-12 19:39:49+00:00,6760.0,823.5,817.5,820.2,0.0,0.0,2.0,47,0.2522695928573608,True,REGULAR,USD
SPX260918C06770000,2026-04-08 17:51:32+00:00,6770.0,383.5,805.7,808.8,0.0,0.0,8.0,58,0.2491005647945404,True,REGULAR,USD
SPX260918C06775000,2026-04-22 14:40:10+00:00,6775.0,612.59,804.7,807.4,0.0,0.0,1.0,495,0.2506464554023743,True,REGULAR,USD
SPX260918C06780000,2026-04-10 15:56:48+00:00,6780.0,393.71,796.2,799.4,0.0,0.0,1.0,23,0.24739159750938416,True,REGULAR,USD
SPX260918C06790000,2026-05-15 19:37:57+00:00,6790.0,816.79,791.9,794.6,212.79999,35.23237,2.0,26,0.24899852266311648,True,REGULAR,USD
SPX260918C06800000,2026-05-15 19:53:14+00:00,6800.0,799.68,783.4,786.1,-76.69,-8.75087,22.0,8352,0.2479075301551819,True,REGULAR,USD
SPX260918C06810000,2026-04-30 15:23:29+00:00,6810.0,594.78,775.0,777.7,0.0,0.0,2.0,66,0.24687566486358647,True,REGULAR,USD
SPX260918C06820000,2026-05-06 19:50:08+00:00,6820.0,747.8,766.5,769.2,0.0,0.0,1.0,52,0.24575987707138058,True,REGULAR,USD
SPX260918C06825000,2026-05-08 13:50:54+00:00,6825.0,753.95,762.3,765.0,0.0,0.0,1.0,924,0.2452334541130066,True,REGULAR,USD
SPX260918C06830000,2026-05-07 13:33:43+00:00,6830.0,740.11,758.1,760.8,0.0,0.0,1.0,13,0.24470321649551396,True,REGULAR,USD
SPX260918C06840000,2026-05-06 19:50:13+00:00,6840.0,731.1,749.7,752.3,0.0,0.0,1.0,17,0.24356263341903683,True,REGULAR,USD
SPXW260918C06850000,2026-05-15 19:06:51+00:00,6850.0,771.25,739.7,747.0,80.75,11.694425,2.0,1,0.24464313561439516,True,REGULAR,USD
SPX260918C06860000,2026-04-24 18:28:48+00:00,6860.0,563.1,732.9,735.6,0.0,0.0,1.0,149,0.24145312692642212,True,REGULAR,USD
SPX260918C06870000,2026-05-12 20:11:02+00:00,6870.0,725.57,724.6,727.2,0.0,0.0,1.0,81,0.24034496845245362,True,REGULAR,USD
SPXW260918C06875000,2026-05-15 19:06:51+00:00,6875.0,750.09,718.8,726.1,0.0,0.0,2.0,0,0.24192042266845704,True,REGULAR,USD
SPX260918C06880000,2026-05-08 19:34:11+00:00,6880.0,716.31,716.2,718.9,0.0,0.0,1.0,32,0.23929116887092586,True,REGULAR,USD
SPX260918C06890000,2026-04-07 19:38:54+00:00,6890.0,228.9,704.7,707.4,0.0,0.0,18.0,165,0.23602963532447813,True,REGULAR,USD
SPX260918C06900000,2026-05-15 18:02:30+00:00,6900.0,745.12,699.7,702.3,-53.940002,-6.750432,1.0,9797,0.23714256212234494,True,REGULAR,USD
SPX260918C06910000,2026-05-07 19:58:43+00:00,6910.0,645.71,691.3,694.0,0.0,0.0,1.0,2809,0.2360477549552917,True,REGULAR,USD
SPX260918C06920000,2026-04-13 19:38:59+00:00,6920.0,319.21,680.0,682.7,0.0,0.0,2.0,69,0.23291210515975952,True,REGULAR,USD
SPXW260918C06925000,2026-05-15 19:29:28+00:00,6925.0,701.31,677.5,684.7,160.21002,29.60821,2.0,11,0.23649788473129268,True,REGULAR,USD
SPX260918C06930000,2026-05-14 06:18:55+00:00,6930.0,734.18,675.0,677.6,0.0,0.0,3.0,177,0.23395064610481262,True,REGULAR,USD
SPX260918C06940000,2026-04-22 19:04:07+00:00,6940.0,479.42,666.7,669.3,0.0,0.0,10.0,45,0.2328138776874542,True,REGULAR,USD
SPX260918C06950000,2026-05-14 15:45:29+00:00,6950.0,756.78,658.6,661.3,0.0,0.0,3.0,3841,0.23186212023735042,True,REGULAR,USD
SPX260918C06960000,2026-05-13 13:38:19+00:00,6960.0,648.3,650.5,653.1,0.0,0.0,1.0,535,0.23076254474639896,True,REGULAR,USD
SPX260918C06970000,2026-05-13 13:38:18+00:00,6970.0,640.3,642.4,645.0,0.0,0.0,,1,0.2297135134887695,True,REGULAR,USD
SPX260918C06975000,2026-05-13 13:38:18+00:00,6975.0,636.3,638.4,641.0,0.0,0.0,1.0,2343,0.22921760780334474,True,REGULAR,USD
SPX260918C06980000,2026-05-15 14:41:47+00:00,6980.0,670.12,634.2,636.8,0.0,0.0,1.0,0,0.22858437438964846,True,REGULAR,USD
SPX260918C06990000,2026-05-14 19:46:35+00:00,6990.0,716.02,626.3,628.9,0.0,0.0,,6,0.22763643159866334,True,REGULAR,USD
SPXW260918C07000000,2026-05-15 19:19:40+00:00,7000.0,642.24,616.1,623.3,-65.79999,-9.29326,3.0,42,0.228166669216156,True,REGULAR,USD
SPX260918C07010000,2026-05-13 13:38:15+00:00,7010.0,608.4,610.2,612.8,0.0,0.0,1.0,44,0.225497361497879,True,REGULAR,USD
SPX260918C07020000,2026-04-23 14:55:09+00:00,7020.0,435.05,602.3,604.9,0.0,0.0,,1,0.22450078180313107,True,REGULAR,USD
SPXW260918C07025000,2026-05-15 19:19:40+00:00,7025.0,622.22,596.8,603.8,-78.32001,-11.179949,3.0,5,0.22582732951164244,True,REGULAR,USD
SPX260918C07030000,2026-04-20 14:58:15+00:00,7030.0,402.46,594.2,596.8,0.0,0.0,15.0,16,0.2233582913970947,True,REGULAR,USD
SPX260918C07040000,2026-04-20 14:58:15+00:00,7040.0,395.68,586.4,589.0,0.0,0.0,,18,0.22239318264007563,True,REGULAR,USD
SPX260918C07050000,2026-05-15 18:31:53+00:00,7050.0,606.27,578.6,581.1,-63.47998,-9.478161,2.0,4420,0.22134701237678525,True,REGULAR,USD
SPX260918C07060000,2026-05-11 17:08:59+00:00,7060.0,591.83,570.7,573.3,0.0,0.0,2.0,2,0.22034661802291866,True,REGULAR,USD
SPX260918C07075000,2026-05-15 18:29:48+00:00,7075.0,592.6,558.9,561.5,-46.059998,-7.2119756,16.0,1362,0.218752090511322,True,REGULAR,USD
SPX260918C07080000,2026-05-14 19:55:06+00:00,7080.0,640.29,555.0,557.6,0.0,0.0,6.0,9,0.2182323432064056,True,REGULAR,USD
SPX260918C07090000,2026-05-06 19:55:41+00:00,7090.0,532.4,547.3,549.9,0.0,0.0,,2,0.21724339282989502,True,REGULAR,USD
SPX260918C07100000,2026-05-15 18:55:29+00:00,7100.0,572.51,539.6,542.2,-54.559998,-8.700783,25.0,9922,0.21623632282257077,True,REGULAR,USD
SPX260918C07110000,2026-04-28 19:07:45+00:00,7110.0,366.2,531.9,534.5,0.0,0.0,8.0,91,0.21521017951965332,True,REGULAR,USD
SPX260918C07120000,2026-04-29 13:52:12+00:00,7120.0,346.1,524.3,526.9,0.0,0.0,4.0,585,0.21422885846138,True,REGULAR,USD
SPX260918C07125000,2026-05-14 14:24:07+00:00,7125.0,594.8,520.5,523.0,0.0,0.0,1.0,1535,0.2136690572357178,True,REGULAR,USD
SPX260918C07130000,2026-04-16 14:45:47+00:00,7130.0,288.6,516.7,519.2,0.0,0.0,,75,0.21316647589683535,True,REGULAR,USD
SPX260918C07140000,2026-05-14 14:24:15+00:00,7140.0,582.7,509.1,511.6,0.0,0.0,4.0,19,0.21214700824737548,True,REGULAR,USD
SPXW260918C07150000,2026-05-13 15:50:01+00:00,7150.0,525.45,502.8,504.7,0.0,0.0,3.0,31,0.21153857011795044,True,REGULAR,USD
SPX260918C07160000,2026-04-16 13:48:46+00:00,7160.0,274.05,494.1,496.6,0.0,0.0,,54,0.2101748294830322,True,REGULAR,USD
SPX260918C07170000,2026-04-22 14:44:20+00:00,7170.0,322.88,486.6,489.1,0.0,0.0,9.0,15,0.209159176492691,True,REGULAR,USD
SPX260918C07175000,2026-05-14 18:26:28+00:00,7175.0,563.5,482.9,485.4,0.0,0.0,28.0,2304,0.20867376111984245,True,REGULAR,USD
SPX260918C07180000,2026-04-17 16:05:30+00:00,7180.0,321.89,479.2,481.7,0.0,0.0,5.0,8,0.20818357742309568,True,REGULAR,USD
SPX260918C07190000,2026-05-04 14:59:16+00:00,7190.0,363.3,471.8,474.3,0.0,0.0,10.0,204,0.20718890505790705,True,REGULAR,USD
SPXW260918C07200000,2026-05-15 02:06:21+00:00,7200.0,525.2,465.6,467.6,-22.929993,-4.183313,4.0,1633,0.20659477190017697,True,REGULAR,USD
SPX260918C07210000,2026-05-06 16:21:32+00:00,7210.0,423.08,457.2,459.7,0.0,0.0,25.0,1627,0.2052577338790893,True,REGULAR,USD
SPX260918C07220000,2026-04-21 19:17:09+00:00,7220.0,274.7,449.9,452.4,0.0,0.0,1.0,2,0.20426210784912108,True,REGULAR,USD
SPXW260918C07225000,2026-05-13 16:28:19+00:00,7225.0,484.99,447.5,449.5,0.0,0.0,1.0,20,0.20420298063278194,True,REGULAR,USD
SPX260918C07230000,2026-05-06 16:21:30+00:00,7230.0,409.08,442.6,445.1,0.0,0.0,27.0,103,0.2032435938644409,True,REGULAR,USD
SPX260918C07240000,2026-05-06 18:46:45+00:00,7240.0,412.5,435.6,438.0,0.0,0.0,89.0,258,0.2023242610168457,True,REGULAR,USD
SPX260918C07250000,2026-05-14 18:27:32+00:00,7250.0,505.89,428.5,430.9,0.0,0.0,78.0,5624,0.20138204021453854,True,REGULAR,USD
SPX260918C07260000,2026-05-14 14:24:19+00:00,7260.0,491.8,421.4,423.8,0.0,0.0,2.0,226,0.20041788512229913,True,REGULAR,USD
SPX260918C07270000,2026-05-11 14:54:59+00:00,7270.0,435.65,414.4,416.9,0.0,0.0,1.0,43,0.19954909650802613,True,REGULAR,USD
SPXW260918C07275000,2026-05-13 16:28:19+00:00,7275.0,448.82,412.0,414.0,0.0,0.0,1.0,302,0.1994308420753479,True,REGULAR,USD
SPX260918C07280000,2026-05-05 14:08:47+00:00,7280.0,314.9,407.3,409.8,0.0,0.0,4.0,73,0.19854011917114256,True,REGULAR,USD
SPX260918C07290000,2026-05-08 18:52:26+00:00,7290.0,401.5,400.4,402.8,0.0,0.0,45.0,342,0.19756738109588623,True,REGULAR,USD
SPX260918C07300000,2026-05-15 17:11:49+00:00,7300.0,422.04,393.5,396.0,-42.399994,-9.129272,11.0,12267,0.19668810216903682,True,REGULAR,USD
SPX260918C07310000,2026-05-08 19:54:09+00:00,7310.0,388.07,386.7,389.1,0.0,0.0,471.0,249,0.19572680807113646,True,REGULAR,USD
SPX260918C07320000,2026-04-29 19:20:02+00:00,7320.0,231.01,380.0,382.5,0.0,0.0,1.0,26,0.19491714667320253,True,REGULAR,USD
SPX260918C07325000,2026-05-14 13:52:00+00:00,7325.0,435.61,376.6,379.0,0.0,0.0,21.0,3505,0.19438595539093018,True,REGULAR,USD
SPX260918C07330000,2026-05-13 13:38:31+00:00,7330.0,373.1,373.2,375.7,0.0,0.0,1.0,32,0.19396634288787845,True,REGULAR,USD
SPX260918C07340000,2026-05-06 19:57:37+00:00,7340.0,352.96,366.6,369.1,0.0,0.0,18.0,256,0.193107090921402,True,REGULAR,USD
SPX260918C07350000,2026-05-14 14:25:44+00:00,7350.0,425.01,360.0,362.5,0.0,0.0,2.0,4817,0.1922230436706543,True,REGULAR,USD
SPX260918C07360000,2026-05-15 16:01:02+00:00,7360.0,374.46,353.5,355.9,57.97998,18.320267,1.0,207,0.19131420113563535,True,REGULAR,USD
SPX260918C07370000,2026-05-13 18:34:50+00:00,7370.0,391.58,347.0,349.4,0.0,0.0,1.0,23,0.19043682953834534,True,REGULAR,USD
SPX260918C07375000,2026-05-11 18:57:22+00:00,7375.0,363.15,343.7,346.2,0.0,0.0,62.0,2909,0.1900181707000733,True,REGULAR,USD
SPX260918C07380000,2026-05-06 15:29:31+00:00,7380.0,310.42,340.5,342.9,0.0,0.0,5.0,215,0.1895346626567841,True,REGULAR,USD
SPX260918C07390000,2026-05-08 15:54:03+00:00,7390.0,337.1,334.1,336.5,0.0,0.0,10.0,18,0.18866396671295166,True,REGULAR,USD
SPXW260918C07400000,2026-05-15 20:08:17+00:00,7400.0,328.43,328.7,330.8,-72.84,-18.152365,31.0,57,0.1881709220218658,True,REGULAR,USD
SPX260918C07410000,2026-05-15 20:08:17+00:00,7410.0,321.28,321.5,323.9,-72.140015,-18.336641,20.0,179,0.18695881408691406,False,REGULAR,USD
SPX260918C07420000,2026-05-14 19:03:40+00:00,7420.0,389.36,315.3,317.7,0.0,0.0,40.0,90,0.1861234037399292,False,REGULAR,USD
SPX260918C07425000,2026-05-15 15:41:43+00:00,7425.0,335.7,312.3,314.6,-48.359985,-12.591779,50.0,1241,0.18569520825386043,False,REGULAR,USD
SPX260918C07430000,2026-05-14 18:47:04+00:00,7430.0,379.45,309.1,311.5,0.0,0.0,130.0,137,0.18526033711433407,False,REGULAR,USD
SPX260918C07440000,2026-05-15 19:55:38+00:00,7440.0,310.7,303.1,305.5,-30.699982,-8.992379,1.0,81,0.184485007648468,False,REGULAR,USD
SPXW260918C07450000,2026-05-14 19:45:53+00:00,7450.0,370.13,298.1,300.0,0.0,0.0,6.0,34,0.1839690750026703,False,REGULAR,USD
SPX260918C07460000,2026-05-14 16:07:19+00:00,7460.0,376.39,291.1,293.5,0.0,0.0,1.0,22,0.1828494725513458,False,REGULAR,USD
SPX260918C07470000,2026-05-15 19:53:32+00:00,7470.0,297.46,285.1,287.5,7.5599976,2.607795,1.0,24,0.18198926692008974,False,REGULAR,USD
SPX260918C07475000,2026-05-14 17:45:48+00:00,7475.0,350.7,282.3,284.6,0.0,0.0,141.0,1178,0.18160589367866514,False,REGULAR,USD
SPX260918C07480000,2026-05-15 14:27:37+00:00,7480.0,306.54,279.4,281.7,-11.160004,-3.512749,10.0,90,0.1812148911190033,False,REGULAR,USD
SPX260918C07490000,2026-05-13 14:58:08+00:00,7490.0,284.0,273.6,275.9,0.0,0.0,4.0,22,0.18041095170974733,False,REGULAR,USD
SPX260918C07500000,2026-05-15 20:05:43+00:00,7500.0,269.23,267.9,270.2,-66.98999,-19.924452,29.0,9555,0.1796356222438812,False,REGULAR,USD
SPX260918C07510000,2026-05-15 17:50:15+00:00,7510.0,290.8,262.3,264.6,16.099976,5.86093,5.0,383,0.17888794905662536,False,REGULAR,USD
SPX260918C07520000,2026-05-14 14:07:11+00:00,7520.0,312.12,256.6,259.0,0.0,0.0,10.0,39,0.1781097585964203,False,REGULAR,USD
SPX260918C07525000,2026-05-14 13:53:24+00:00,7525.0,309.4,253.9,256.2,0.0,0.0,4.0,3458,0.17770921938896178,False,REGULAR,USD
SPX260918C07530000,2026-05-14 16:31:31+00:00,7530.0,323.54,251.1,253.4,0.0,0.0,1.0,294,0.17730105086326597,False,REGULAR,USD
SPX260918C07540000,2026-05-14 13:31:44+00:00,7540.0,293.4,245.6,248.0,0.0,0.0,1.0,70,0.17657721929550171,False,REGULAR,USD
SPXW260918C07550000,2026-05-15 16:04:56+00:00,7550.0,257.68,241.3,243.2,-57.420013,-18.22279,13.0,183,0.17617000443458558,False,REGULAR,USD
SPX260918C07560000,2026-05-15 17:21:50+00:00,7560.0,260.1,235.0,237.3,-21.5,-7.634943,5.0,33,0.17509331689834595,False,REGULAR,USD
SPX260918C07570000,2026-05-15 17:20:04+00:00,7570.0,253.5,229.7,232.0,5.699997,2.3002408,2.0,43,0.1743332460689545,False,REGULAR,USD
SPXW260918C07575000,2026-05-15 16:34:58+00:00,7575.0,250.65,228.1,230.0,-50.850006,-16.865673,5.0,54,0.1743198947620392,False,REGULAR,USD
SPX260918C07580000,2026-05-15 18:30:54+00:00,7580.0,247.9,224.5,226.8,10.199997,4.291122,17.0,223,0.1735989241886139,False,REGULAR,USD
SPX260918C07590000,2026-05-15 17:21:50+00:00,7590.0,243.8,219.4,221.7,-46.469986,-16.009228,2.0,32,0.17289035125732422,False,REGULAR,USD
SPXW260918C07600000,2026-05-13 18:12:47+00:00,7600.0,250.14,215.3,217.3,0.0,0.0,8.0,2574,0.17256133690834047,False,REGULAR,USD
SPX260918C07610000,2026-05-13 15:44:18+00:00,7610.0,228.7,209.4,211.7,0.0,0.0,9.0,124,0.17149323235511782,False,REGULAR,USD
SPX260918C07620000,2026-05-13 15:56:47+00:00,7620.0,221.3,204.5,206.8,0.0,0.0,32.0,105,0.1708037327194214,False,REGULAR,USD
SPX260918C07625000,2026-05-15 17:29:46+00:00,7625.0,228.0,202.0,204.3,-6.9400024,-2.9539466,6.0,934,0.17041654481887822,False,REGULAR,USD
SPX260918C07630000,2026-05-15 15:35:45+00:00,7630.0,221.1,199.7,202.0,12.900009,6.19597,2.0,5,0.17013998203277592,False,REGULAR,USD
SPX260918C07640000,2026-05-15 18:32:12+00:00,7640.0,213.2,195.0,197.2,5.599991,2.6974907,48.0,16,0.1694418994140625,False,REGULAR,USD
SPX260918C07650000,2026-05-15 19:53:32+00:00,7650.0,200.2,190.3,192.5,-63.220016,-23.9997,4.0,7541,0.16876956574440005,False,REGULAR,USD
SPX260918C07660000,2026-05-15 14:27:09+00:00,7660.0,209.7,185.6,187.9,-34.100006,-13.9868765,2.0,8,0.16812298102378848,False,REGULAR,USD
SPX260918C07670000,2026-05-15 19:44:25+00:00,7670.0,194.1,181.0,183.3,-4.099991,-2.068613,1.0,13,0.16744111070632936,False,REGULAR,USD
SPX260918C07675000,2026-05-15 19:57:14+00:00,7675.0,188.88,178.8,181.1,-49.119995,-20.638653,304.0,1897,0.16714738195419315,False,REGULAR,USD
SPX260918C07680000,2026-05-13 15:54:26+00:00,7680.0,193.6,176.5,178.8,0.0,0.0,,8,0.1667849893379212,False,REGULAR,USD
SPX260918C07690000,2026-05-15 19:59:48+00:00,7690.0,179.76,172.1,174.4,-39.740005,-18.104786,27.0,64,0.16615366325378422,False,REGULAR,USD
SPXW260918C07700000,2026-05-15 13:49:07+00:00,7700.0,181.6,168.9,170.8,-38.699997,-17.566954,10.0,229,0.16597628160476688,False,REGULAR,USD
SPX260918C07710000,2026-05-15 15:22:22+00:00,7710.0,185.2,163.6,165.8,-35.800003,-16.199097,3.0,13,0.16490722338676456,False,REGULAR,USD
SPX260918C07720000,2026-05-14 18:05:40+00:00,7720.0,210.0,159.4,161.6,0.0,0.0,,7,0.16429115593910215,False,REGULAR,USD
SPXW260918C07725000,2026-05-15 17:58:57+00:00,7725.0,182.8,158.4,160.3,-32.0,-14.897579,2.0,128,0.1644656765937805,False,REGULAR,USD
SPX260918C07730000,2026-05-14 19:49:41+00:00,7730.0,211.4,155.3,157.4,0.0,0.0,,14,0.16363980289459235,False,REGULAR,USD
SPX260918C07740000,2026-05-14 18:52:47+00:00,7740.0,204.5,151.3,153.4,0.0,0.0,,49,0.16307523334503177,False,REGULAR,USD
SPX260918C07750000,2026-05-15 19:37:23+00:00,7750.0,160.8,147.3,149.4,-53.399994,-24.92997,21.0,4210,0.162474424533844,False,REGULAR,USD
SPX260918C07760000,2026-05-15 14:41:22+00:00,7760.0,167.5,143.4,145.5,10.399994,6.619983,3.0,5,0.16190031833648683,False,REGULAR,USD
SPX260918C07770000,2026-05-13 14:56:21+00:00,7770.0,148.9,139.6,141.7,0.0,0.0,,16,0.1613519610881805,False,REGULAR,USD
SPX260918C07775000,2026-05-15 19:51:04+00:00,7775.0,146.9,137.7,139.9,-38.0,-20.551651,16.0,895,0.16112784986495973,False,REGULAR,USD
SPX260918C07780000,2026-05-15 13:52:43+00:00,7780.0,149.5,135.9,138.0,22.07,17.319313,50.0,1,0.16083030645370483,False,REGULAR,USD
SPX260918C07790000,2026-05-15 19:42:45+00:00,7790.0,145.0,132.2,134.3,-38.0,-20.765028,8.0,16,0.16027241255760194,False,REGULAR,USD
SPX260918C07800000,2026-05-15 16:45:52+00:00,7800.0,145.83,128.6,130.7,-33.229996,-18.558023,247.0,11183,0.15974217494010925,False,REGULAR,USD
SPX260918C07810000,2026-05-13 15:30:03+00:00,7810.0,135.9,125.1,127.1,0.0,0.0,4.0,8,0.15917283706665042,False,REGULAR,USD
SPX260918C07820000,2026-05-15 15:32:35+00:00,7820.0,140.08,121.7,123.7,5.779999,4.3037963,41.0,4,0.1586979120063782,False,REGULAR,USD
SPXW260918C07825000,2026-05-15 19:17:25+00:00,7825.0,132.7,121.1,122.7,-36.800003,-21.710917,60.0,170,0.15891344024658205,False,REGULAR,USD
SPX260918C07830000,2026-05-13 14:56:23+00:00,7830.0,126.8,118.3,120.3,0.0,0.0,,3,0.1581857940196991,False,REGULAR,USD
SPX260918C07840000,2026-05-13 15:54:22+00:00,7840.0,129.0,115.0,117.0,0.0,0.0,,6,0.1577022859764099,False,REGULAR,USD
SPXW260918C07850000,2026-05-15 19:41:07+00:00,7850.0,124.6,112.9,114.5,-36.200005,-22.51244,53.0,620,0.1577261275959015,False,REGULAR,USD
SPX260918C07860000,2026-05-15 15:56:03+00:00,7860.0,119.72,108.6,110.6,-1.8799973,-1.5460504,1.0,15,0.1567581578445435,False,REGULAR,USD
SPX260918C07870000,2026-05-15 15:57:19+00:00,7870.0,117.6,105.6,107.4,-1.2000046,-1.0101049,2.0,7,0.15622696656227114,False,REGULAR,USD
SPX260918C07875000,2026-05-14 18:05:24+00:00,7875.0,144.8,104.0,105.9,0.0,0.0,3.0,2981,0.15601620664596558,False,REGULAR,USD
SPX260918C07880000,2026-05-15 15:22:18+00:00,7880.0,119.6,102.6,104.4,7.0,6.2166963,3.0,4,0.1557968637466431,False,REGULAR,USD
SPX260918C07890000,2026-05-13 15:40:25+00:00,7890.0,111.6,99.6,101.4,0.0,0.0,,6,0.15532766067504883,False,REGULAR,USD
SPXW260918C07900000,2026-05-15 19:05:30+00:00,7900.0,109.8,97.7,99.3,-30.800003,-21.906116,43.0,167,0.15546403473854065,False,REGULAR,USD
SPX260918C07925000,2026-05-15 14:05:54+00:00,7925.0,101.63,89.7,91.5,-29.57,-22.53811,5.0,88,0.15381133367538452,False,REGULAR,USD
SPX260918C07950000,2026-05-15 14:21:27+00:00,7950.0,104.09,83.2,85.0,-18.920006,-15.380868,1.0,2167,0.15285766889572147,False,REGULAR,USD
SPXW260918C07975000,2026-05-15 15:28:50+00:00,7975.0,90.0,78.0,79.4,-26.86,-22.984768,126.0,1,0.15235985588073733,False,REGULAR,USD
SPXW260918C08000000,2026-05-15 18:49:23+00:00,8000.0,83.65,72.2,73.6,-24.449997,-22.617945,7.0,433,0.1514767622947693,False,REGULAR,USD
SPX260918C08025000,2026-05-14 17:41:06+00:00,8025.0,99.58,65.8,67.5,0.0,0.0,106.0,203,0.15009585569381714,False,REGULAR,USD
SPX260918C08050000,2026-05-15 19:57:05+00:00,8050.0,64.5,60.8,62.4,-29.400002,-31.309906,259.0,1331,0.14928905529022218,False,REGULAR,USD
SPX260918C08075000,2026-05-15 15:22:17+00:00,8075.0,68.1,56.0,57.6,-20.400002,-23.050848,3.0,784,0.14849942085266113,False,REGULAR,USD
SPX260918C08100000,2026-05-15 19:53:32+00:00,8100.0,56.32,51.6,53.1,-26.480003,-31.980679,1102.0,9425,0.1477364890289307,False,REGULAR,USD
SPX260918C08125000,2026-05-14 19:50:00+00:00,8125.0,76.6,47.6,48.9,0.0,0.0,3.0,19,0.1470097964668274,False,REGULAR,USD
SPX260918C08150000,2026-05-15 16:01:02+00:00,8150.0,51.52,43.6,45.0,-18.509998,-26.431528,2.0,285,0.14633650913238527,False,REGULAR,USD
SPX260918C08175000,2026-05-15 19:41:49+00:00,8175.0,46.0,40.0,41.4,5.799999,14.427859,13.0,5,0.14572807100296017,False,REGULAR,USD
SPXW260918C08200000,2026-05-15 20:10:26+00:00,8200.0,37.5,37.4,38.5,-25.2,-40.191387,25.0,51,0.1456479631614685,False,REGULAR,USD
SPX260918C08225000,2026-05-14 18:01:05+00:00,8225.0,55.9,33.8,34.9,0.0,0.0,18.0,35,0.1445550633239746,False,REGULAR,USD
SPX260918C08250000,2026-05-15 16:35:42+00:00,8250.0,37.4,30.9,32.1,-15.299999,-29.032255,25.0,105,0.14413926548004152,False,REGULAR,USD
SPX260918C08275000,2026-05-15 15:57:14+00:00,8275.0,34.0,28.3,29.4,-14.200001,-29.460583,3.0,57,0.14361665718078612,False,REGULAR,USD
SPX260918C08300000,2026-05-15 13:52:50+00:00,8300.0,32.5,25.9,27.0,-13.0,-28.571428,1000.0,10129,0.1432561718940735,False,REGULAR,USD
SPX260918C08325000,2026-05-15 15:22:16+00:00,8325.0,30.7,23.6,24.7,-11.27,-26.852512,4.0,68,0.14280413478851317,False,REGULAR,USD
SPX260918C08350000,2026-05-15 19:38:27+00:00,8350.0,25.2,21.5,22.7,-14.099998,-35.87786,537.0,514,0.14256381126403808,False,REGULAR,USD
SPX260918C08375000,2026-05-15 19:59:52+00:00,8375.0,21.6,19.7,20.8,1.3000011,6.4039474,584.0,7,0.14226626785278318,False,REGULAR,USD
SPXW260918C08400000,2026-05-15 18:46:08+00:00,8400.0,22.6,18.5,19.3,-10.4,-31.515152,1.0,269,0.142411224899292,False,REGULAR,USD
SPX260918C08425000,2026-05-15 06:24:39+00:00,8425.0,24.9,16.5,17.5,-5.25,-17.412935,2.0,502,0.1418504700088501,False,REGULAR,USD
SPX260918C08450000,2026-05-15 19:59:51+00:00,8450.0,16.6,15.0,16.0,-11.199999,-40.287766,757.0,695,0.14159870250701906,False,REGULAR,USD
SPX260918C08500000,2026-05-15 19:53:21+00:00,8500.0,14.31,12.7,13.5,-9.919999,-40.94098,18.0,4463,0.1414651894378662,False,REGULAR,USD
SPXW260918C08600000,2026-05-15 10:37:31+00:00,8600.0,13.9,9.1,9.9,-3.8999996,-21.910112,14.0,25,0.14222812126159667,False,REGULAR,USD
SPX260918C08700000,2026-05-15 18:27:55+00:00,8700.0,8.5,6.4,7.1,-5.9700003,-41.257774,11.0,4139,0.14260577251434325,False,REGULAR,USD
SPX260918C08800000,2026-05-15 15:08:25+00:00,8800.0,6.3,4.6,5.3,-5.2,-45.217392,9.0,4113,0.14404389900207518,False,REGULAR,USD
SPXW260918C08900000,2026-05-14 19:31:15+00:00,8900.0,7.42,3.6,4.2,0.0,0.0,8.0,44,0.14675230697631836,False,REGULAR,USD
SPXW260918C09000000,2026-05-15 16:24:12+00:00,9000.0,3.57,2.8,3.3,-2.03,-36.25,20.0,121,0.14916317153930664,False,REGULAR,USD
SPX260918C09100000,2026-05-14 08:51:57+00:00,9100.0,3.8,2.1,2.65,0.0,0.0,,97,0.15189446746826174,False,REGULAR,USD
SPXW260918C09200000,2026-05-14 19:31:15+00:00,9200.0,3.47,1.75,2.2,0.0,0.0,4.0,372,0.1551292984008789,False,REGULAR,USD
SPXW260918C09400000,2026-05-14 16:16:22+00:00,9400.0,2.73,1.2,1.6,0.0,0.0,9.0,167,0.16217878845214845,False,REGULAR,USD
SPXW260918C09600000,2026-05-15 16:24:12+00:00,9600.0,1.17,0.85,1.25,-0.63,-35.0,20.0,70,0.16993017578125003,False,REGULAR,USD
SPX260918C09800000,2026-05-13 14:28:27+00:00,9800.0,0.9,0.6,1.0,0.0,0.0,1.0,4569,0.1775594940185547,False,REGULAR,USD
SPXW260918C10000000,2026-05-01 19:59:38+00:00,10000.0,0.65,0.5,0.85,0.0,0.0,1.0,2,0.18579915771484373,False,REGULAR,USD
SPXW260918C10400000,2026-05-06 16:04:02+00:00,10400.0,0.4,0.3,0.65,0.0,0.0,,1,0.20197331237792968,False,REGULAR,USD
SPXW260918C10800000,2026-04-30 17:47:02+00:00,10800.0,0.25,0.2,0.5,0.0,0.0,,4,0.2166826379394531,False,REGULAR,USD
SPXW260918C11200000,2026-05-15 13:33:54+00:00,11200.0,0.35,0.1,0.4,0.25,250.00002,1.0,3,0.23090368713378906,False,REGULAR,USD
SPX260918C11600000,2026-04-29 14:33:35+00:00,11600.0,0.15,0.05,0.35,0.0,0.0,5.0,10,0.24573508178710937,False,REGULAR,USD
SPXW260918C12000000,2026-05-11 17:19:17+00:00,12000.0,0.15,0.0,0.0,0.0,0.0,5.0,7,0.12500875,False,REGULAR,USD
SPX260918C12400000,2026-05-15 18:31:36+00:00,12400.0,0.15,0.0,0.25,0.0,0.0,1.0,2,0.2712475219726562,False,REGULAR,USD
